{"cameraMode":{"drawMode":0,"name":"Shaded","section":"Shading Mode"},"sceneLighting":true,"audioPlay":false,"sceneViewState":{"showFog":true,"showMaterialUpdate":false,"showSkybox":true,"showFlares":true,"showImageEffects":true,"showParticleSystems":true},"in2DMode":false,"pivot":{"x":-0.006842726841568947,"y":-0.30969345569610598,"z":0.03372122719883919},"rotation":{"x":0.17386993765830995,"y":-0.039867885410785678,"z":0.007073149085044861,"w":0.98398357629776},"size":42.08185958862305,"orthographic":false}