{"cameraMode":{"drawMode":0,"name":"Shaded","section":"Shading Mode"},"sceneLighting":true,"audioPlay":false,"sceneViewState":{"showFog":true,"showMaterialUpdate":false,"showSkybox":true,"showFlares":true,"showImageEffects":true,"showParticleSystems":true},"in2DMode":false,"pivot":{"x":688.6920776367188,"y":242.706787109375,"z":-106.044677734375},"rotation":{"x":0.026496686041355134,"y":0.0019994506146758796,"z":-0.000052260544180171564,"w":0.9996614456176758},"size":1145.8638916015625,"orthographic":false}