{"cameraMode":{"drawMode":0,"name":"Shaded","section":"Shading Mode"},"sceneLighting":true,"audioPlay":false,"sceneViewState":{"showFog":true,"showMaterialUpdate":false,"showSkybox":true,"showFlares":true,"showImageEffects":true,"showParticleSystems":true},"in2DMode":false,"pivot":{"x":0.020347177982330323,"y":-0.12491488456726074,"z":0.5030567646026611},"rotation":{"x":0.3551810681819916,"y":-0.060234639793634418,"z":0.022942103445529939,"w":0.9325794577598572},"size":0.39571720361709597,"orthographic":false}