{"cameraMode":{"drawMode":0,"name":"Shaded","section":"Shading Mode"},"sceneLighting":true,"audioPlay":false,"sceneViewState":{"showFog":true,"showMaterialUpdate":false,"showSkybox":true,"showFlares":true,"showImageEffects":true,"showParticleSystems":true},"in2DMode":false,"pivot":{"x":381.6062927246094,"y":1.0238189697265626,"z":0.9124999642372131},"rotation":{"x":0.1724989265203476,"y":0.02068975567817688,"z":-0.0035954865161329509,"w":0.9848337173461914},"size":1676.7301025390625,"orthographic":false}