{"cameraMode":{"drawMode":0,"name":"Shaded","section":"Shading Mode"},"sceneLighting":false,"audioPlay":false,"sceneViewState":{"showFog":true,"showMaterialUpdate":false,"showSkybox":false,"showFlares":true,"showImageEffects":true,"showParticleSystems":true},"in2DMode":false,"pivot":{"x":419.40411376953127,"y":262.2728576660156,"z":0.0},"rotation":{"x":0.09082835167646408,"y":0.031862594187259677,"z":-0.0029072402976453306,"w":0.9953616857528687},"size":895.8532104492188,"orthographic":false}